id,name,email,signup_date,plan,active
1,Peter Smith,peter.smith1@company.io,2023-10-06,starter,True
2,Carol Johnson,carol.johnson2@example.com,2025-09-05,starter,False
3,Noah Martin,noah.martin3@company.io,2025-05-06,enterprise,False
4,Rachel Miller,rachel.miller4@company.io,2023-07-10,pro,True
5,Zoe Garcia,zoe.garcia5@gmail.com,2024-08-18,free,True
6,Peter Miller,peter.miller6@gmail.com,2025-12-12,starter,True
7,Iris Miller,iris.miller7@example.com,2023-02-06,free,False
8,Elena Smith,elena.smith8@gmail.com,2024-11-29,pro,True
9,Maya Garcia,maya.garcia9@company.io,2023-03-23,free,True
10,Uma Moore,uma.moore10@company.io,2024-08-07,starter,True
11,Uma White,uma.white11@example.com,2025-12-07,starter,True
12,Tina Garcia,tina.garcia12@gmail.com,2024-04-18,free,True
13,David Taylor,david.taylor13@yahoo.com,2023-11-09,starter,True
14,Frank Jones,frank.jones14@example.com,2025-07-17,starter,False
15,Yasmine Taylor,yasmine.taylor15@outlook.com,2023-03-18,free,True
16,Victor Davis,victor.davis16@example.com,2024-08-28,free,True
17,James Davis,james.davis17@gmail.com,2025-11-02,starter,True
18,Leo Walker,leo.walker18@outlook.com,2025-07-19,starter,False
19,Uma Lee,uma.lee19@yahoo.com,2024-07-06,pro,True
20,Noah Walker,noah.walker20@example.com,2024-05-10,free,True
21,Uma Anderson,uma.anderson21@gmail.com,2024-07-27,pro,True
22,Henry Thompson,henry.thompson22@company.io,2025-01-09,free,True
23,Peter White,peter.white23@gmail.com,2023-04-22,starter,False
24,Zoe Jones,zoe.jones24@gmail.com,2023-06-09,pro,True
25,Sam Martin,sam.martin25@gmail.com,2024-08-02,free,True
26,Zoe Anderson,zoe.anderson26@company.io,2025-05-11,free,False
27,Carol Moore,carol.moore27@company.io,2023-03-05,free,True
28,Grace Miller,grace.miller28@outlook.com,2024-01-16,free,True
29,Frank Garcia,frank.garcia29@company.io,2023-04-22,starter,True
30,Maya Wilson,maya.wilson30@yahoo.com,2025-03-02,free,True
31,Henry Brown,henry.brown31@company.io,2023-07-13,free,True
32,Elena Miller,elena.miller32@gmail.com,2023-01-16,free,False
33,Olivia Brown,olivia.brown33@example.com,2024-08-27,free,True
34,Iris Johnson,iris.johnson34@outlook.com,2023-08-14,starter,True
35,Leo Smith,leo.smith35@example.com,2023-05-31,starter,True
36,Alice Taylor,alice.taylor36@company.io,2025-06-22,pro,True
37,Leo Garcia,leo.garcia37@company.io,2024-04-07,free,True
38,Peter Jackson,peter.jackson38@yahoo.com,2025-01-10,free,False
39,Uma Smith,uma.smith39@yahoo.com,2024-01-16,pro,True
40,Zoe Thomas,zoe.thomas40@company.io,2023-07-20,free,True
41,Xander Jackson,xander.jackson41@gmail.com,2023-12-12,free,False
42,Grace Anderson,grace.anderson42@company.io,2025-06-20,free,False
43,James Lee,james.lee43@gmail.com,2025-01-22,free,True
44,Grace Jones,grace.jones44@yahoo.com,2025-10-12,pro,True
45,Tina Harris,tina.harris45@outlook.com,2023-12-01,free,False
46,Quinn White,quinn.white46@example.com,2025-12-09,starter,True
47,Maya Thompson,maya.thompson47@yahoo.com,2023-07-22,free,False
48,David Williams,david.williams48@gmail.com,2024-06-12,free,True
49,Frank Moore,frank.moore49@example.com,2024-09-30,enterprise,True
50,Noah White,noah.white50@yahoo.com,2023-06-02,pro,True
51,Olivia Williams,olivia.williams51@company.io,2024-06-24,free,True
52,Alice Jackson,alice.jackson52@company.io,2024-10-19,free,True
53,Uma Johnson,uma.johnson53@example.com,2024-12-21,free,True
54,Grace Wilson,grace.wilson54@gmail.com,2023-09-08,starter,True
55,Peter Thomas,peter.thomas55@gmail.com,2025-08-03,free,False
56,Uma Johnson,uma.johnson56@gmail.com,2023-08-01,starter,True
57,Rachel Davis,rachel.davis57@gmail.com,2025-12-05,starter,True
58,Olivia Garcia,olivia.garcia58@gmail.com,2024-05-15,enterprise,True
59,Maya Anderson,maya.anderson59@company.io,2024-06-15,free,False
60,Carol Taylor,carol.taylor60@outlook.com,2023-09-23,pro,True
61,Wendy White,wendy.white61@example.com,2023-11-01,pro,False
62,Noah Wilson,noah.wilson62@yahoo.com,2024-07-09,pro,False
63,Victor Williams,victor.williams63@gmail.com,2024-06-03,pro,True
64,James Thomas,james.thomas64@company.io,2023-10-23,free,True
65,Elena Jones,elena.jones65@yahoo.com,2023-05-08,starter,True
66,James Jones,james.jones66@gmail.com,2023-06-12,free,True
67,Maya Johnson,maya.johnson67@yahoo.com,2025-11-27,pro,True
68,Zoe Anderson,zoe.anderson68@gmail.com,2024-11-23,starter,True
69,Wendy Jackson,wendy.jackson69@company.io,2024-10-14,free,True
70,Peter Moore,peter.moore70@company.io,2024-06-10,free,True
71,Henry Brown,henry.brown71@company.io,2024-07-07,starter,True
72,Noah Johnson,noah.johnson72@outlook.com,2024-08-12,free,True
73,Grace Harris,grace.harris73@gmail.com,2024-04-03,starter,True
74,Noah Davis,noah.davis74@gmail.com,2023-01-25,enterprise,True
75,Victor Johnson,victor.johnson75@company.io,2025-05-27,starter,True
76,Karen White,karen.white76@company.io,2023-04-20,free,True
77,Quinn Davis,quinn.davis77@gmail.com,2024-07-15,free,True
78,Uma Wilson,uma.wilson78@outlook.com,2025-09-27,free,True
79,Henry Wilson,henry.wilson79@yahoo.com,2025-01-30,enterprise,True
80,Tina Harris,tina.harris80@yahoo.com,2025-06-03,pro,True
81,David Jackson,david.jackson81@example.com,2025-01-07,free,True
82,Henry Williams,henry.williams82@company.io,2024-10-16,free,True
83,Zoe Lee,zoe.lee83@yahoo.com,2025-08-28,free,True
84,David Martin,david.martin84@outlook.com,2025-03-25,starter,True
85,Iris Smith,iris.smith85@example.com,2025-01-04,free,False
86,Xander Anderson,xander.anderson86@gmail.com,2024-12-18,free,True
87,Quinn Williams,quinn.williams87@example.com,2024-06-30,free,False
88,Maya Martin,maya.martin88@gmail.com,2025-03-23,enterprise,True
89,Tina Walker,tina.walker89@yahoo.com,2024-08-12,free,True
90,David Williams,david.williams90@example.com,2024-12-10,pro,False
91,Wendy Thomas,wendy.thomas91@yahoo.com,2025-09-26,starter,True
92,Tina Smith,tina.smith92@example.com,2025-12-27,enterprise,True
93,Bob Thomas,bob.thomas93@example.com,2024-02-17,free,False
94,Victor Brown,victor.brown94@company.io,2024-11-11,starter,True
95,Elena Garcia,elena.garcia95@yahoo.com,2024-05-09,enterprise,True
96,Maya Harris,maya.harris96@company.io,2023-10-08,free,True
97,Wendy Miller,wendy.miller97@example.com,2024-12-05,enterprise,True
98,David Jackson,david.jackson98@yahoo.com,2025-08-01,starter,True
99,Iris Williams,iris.williams99@yahoo.com,2024-07-25,pro,True
100,Wendy Harris,wendy.harris100@yahoo.com,2023-10-22,free,True
101,Henry Harris,henry.harris101@outlook.com,2024-01-04,pro,False
102,James Jones,james.jones102@gmail.com,2024-06-01,free,True
103,Henry Harris,henry.harris103@outlook.com,2023-08-18,free,True
104,Carol Walker,carol.walker104@example.com,2024-08-11,free,False
105,Victor Taylor,victor.taylor105@example.com,2023-10-06,starter,True
106,Karen Davis,karen.davis106@gmail.com,2025-01-15,free,True
107,Victor Thompson,victor.thompson107@company.io,2025-10-09,starter,True
108,Tina Davis,tina.davis108@company.io,2024-08-27,starter,False
109,Grace White,grace.white109@example.com,2024-12-14,free,True
110,Xander Brown,xander.brown110@company.io,2023-05-27,free,False
111,Henry Taylor,henry.taylor111@gmail.com,2023-07-28,starter,True
112,Henry Miller,henry.miller112@gmail.com,2023-08-07,free,True
113,Leo Johnson,leo.johnson113@yahoo.com,2024-06-16,free,True
114,Quinn Moore,quinn.moore114@gmail.com,2023-12-16,free,True
115,Elena Garcia,elena.garcia115@yahoo.com,2023-12-15,pro,True
116,Zoe Davis,zoe.davis116@example.com,2024-10-20,pro,True
117,Peter Johnson,peter.johnson117@example.com,2024-09-15,free,True
118,David Davis,david.davis118@company.io,2023-01-25,enterprise,True
119,Rachel White,rachel.white119@example.com,2024-02-25,free,False
120,Henry Brown,henry.brown120@company.io,2024-01-16,free,True
121,Quinn Smith,quinn.smith121@example.com,2024-03-04,free,True
122,Tina Davis,tina.davis122@gmail.com,2025-07-08,pro,True
123,Wendy Walker,wendy.walker123@example.com,2024-05-19,starter,False
124,Uma Wilson,uma.wilson124@company.io,2024-04-18,starter,False
125,Zoe Miller,zoe.miller125@company.io,2023-05-06,starter,True
126,Maya Garcia,maya.garcia126@outlook.com,2025-01-20,free,False
127,Peter Smith,peter.smith127@gmail.com,2024-10-19,pro,True
128,Karen Martin,karen.martin128@example.com,2023-09-24,pro,True
129,Rachel Brown,rachel.brown129@gmail.com,2025-11-12,free,True
130,Frank Lee,frank.lee130@yahoo.com,2025-11-25,enterprise,True
131,Elena Thompson,elena.thompson131@outlook.com,2025-10-04,free,True
132,Yasmine Garcia,yasmine.garcia132@outlook.com,2025-11-21,free,True
133,Olivia Williams,olivia.williams133@outlook.com,2025-05-22,pro,False
134,Zoe Davis,zoe.davis134@yahoo.com,2023-03-10,free,False
135,Noah Jackson,noah.jackson135@company.io,2023-05-05,starter,True
136,Maya Miller,maya.miller136@yahoo.com,2023-07-05,free,True
137,Carol Jackson,carol.jackson137@gmail.com,2023-08-02,enterprise,True
138,Karen Davis,karen.davis138@gmail.com,2024-05-16,free,True
139,Grace Wilson,grace.wilson139@gmail.com,2024-04-16,free,True
140,Olivia Smith,olivia.smith140@yahoo.com,2025-09-21,starter,True
141,Alice Jackson,alice.jackson141@gmail.com,2023-10-08,pro,True
142,James Anderson,james.anderson142@example.com,2023-09-23,free,False
143,David Thomas,david.thomas143@yahoo.com,2024-07-07,free,True
144,Elena Moore,elena.moore144@company.io,2024-07-06,enterprise,True
145,Leo Taylor,leo.taylor145@gmail.com,2025-05-19,enterprise,True
146,Sam Walker,sam.walker146@gmail.com,2024-11-17,starter,True
147,Zoe White,zoe.white147@example.com,2023-09-03,free,True
148,Frank Johnson,frank.johnson148@example.com,2024-12-08,free,True
149,Tina Smith,tina.smith149@yahoo.com,2024-10-04,starter,True
150,Alice Thompson,alice.thompson150@gmail.com,2025-04-28,starter,True
151,Xander Wilson,xander.wilson151@outlook.com,2024-10-21,free,True
152,Olivia Thompson,olivia.thompson152@gmail.com,2025-07-04,free,True
153,Bob Taylor,bob.taylor153@outlook.com,2023-04-24,pro,True
154,Carol Anderson,carol.anderson154@outlook.com,2025-05-09,free,True
155,Alice Lee,alice.lee155@yahoo.com,2023-04-10,free,True
156,Peter Taylor,peter.taylor156@example.com,2024-05-12,free,True
157,Carol Davis,carol.davis157@outlook.com,2023-06-10,free,False
158,Xander Thompson,xander.thompson158@gmail.com,2025-03-04,starter,False
159,Carol Wilson,carol.wilson159@outlook.com,2025-06-06,free,True
160,Alice Johnson,alice.johnson160@gmail.com,2023-03-24,pro,False
161,James Jackson,james.jackson161@outlook.com,2025-01-04,free,True
162,Quinn Miller,quinn.miller162@outlook.com,2025-06-21,free,True
163,Alice Moore,alice.moore163@example.com,2023-10-18,pro,True
164,Elena Taylor,elena.taylor164@company.io,2025-05-14,free,True
165,Quinn Johnson,quinn.johnson165@company.io,2024-11-09,starter,False
166,Quinn Brown,quinn.brown166@yahoo.com,2023-08-07,pro,True
167,Frank Anderson,frank.anderson167@gmail.com,2023-08-29,free,True
168,Alice Moore,alice.moore168@yahoo.com,2023-08-11,free,False
169,Carol Harris,carol.harris169@outlook.com,2023-05-26,starter,True
170,Peter Harris,peter.harris170@company.io,2024-01-22,pro,True
171,David Johnson,david.johnson171@yahoo.com,2023-11-17,starter,False
172,Olivia Thomas,olivia.thomas172@company.io,2023-04-29,free,True
173,Maya Brown,maya.brown173@company.io,2025-11-10,free,True
174,Maya Lee,maya.lee174@company.io,2024-08-02,free,True
175,Quinn Walker,quinn.walker175@yahoo.com,2024-05-29,starter,False
176,Victor Thompson,victor.thompson176@yahoo.com,2024-01-15,starter,True
177,Carol Davis,carol.davis177@company.io,2023-09-18,free,True
178,Victor Wilson,victor.wilson178@company.io,2023-11-18,pro,True
179,Wendy Taylor,wendy.taylor179@example.com,2023-07-09,starter,True
180,James Martin,james.martin180@example.com,2024-09-18,free,False
181,Victor Moore,victor.moore181@company.io,2024-11-26,pro,True
182,Iris Thomas,iris.thomas182@yahoo.com,2023-11-13,starter,True
183,Xander Martin,xander.martin183@company.io,2023-02-07,starter,True
184,Henry Harris,henry.harris184@company.io,2025-09-04,free,True
185,Sam Harris,sam.harris185@yahoo.com,2025-07-16,starter,True
186,Iris Jones,iris.jones186@outlook.com,2023-08-17,starter,True
187,Olivia Brown,olivia.brown187@company.io,2023-09-17,pro,True
188,James White,james.white188@company.io,2025-07-26,free,True
189,Maya Johnson,maya.johnson189@example.com,2023-06-17,starter,True
190,Leo Garcia,leo.garcia190@company.io,2024-06-02,free,True
191,Uma Walker,uma.walker191@yahoo.com,2023-08-20,free,True
192,Peter Smith,peter.smith192@example.com,2024-12-28,free,True
193,Karen Lee,karen.lee193@gmail.com,2023-02-23,starter,True
194,Noah Miller,noah.miller194@example.com,2025-05-01,free,True
195,Iris White,iris.white195@company.io,2025-09-12,pro,True
196,Iris Johnson,iris.johnson196@outlook.com,2025-07-11,pro,True
197,Bob Jones,bob.jones197@outlook.com,2023-02-07,starter,True
198,James Wilson,james.wilson198@example.com,2024-07-31,free,True
199,Tina Walker,tina.walker199@example.com,2024-10-18,free,True
200,Leo Thomas,leo.thomas200@yahoo.com,2025-10-01,free,True
201,Xander Thompson,xander.thompson201@outlook.com,2025-01-01,free,True
202,Victor Harris,victor.harris202@company.io,2025-04-19,free,True
203,Wendy Wilson,wendy.wilson203@yahoo.com,2023-01-07,starter,True
204,Alice Lee,alice.lee204@outlook.com,2024-03-17,pro,True
205,Frank Harris,frank.harris205@company.io,2023-09-25,starter,True
206,Yasmine Jones,yasmine.jones206@company.io,2025-03-07,starter,True
207,Rachel Harris,rachel.harris207@gmail.com,2024-07-12,pro,True
208,Xander Jackson,xander.jackson208@company.io,2023-02-16,free,True
209,Zoe Walker,zoe.walker209@example.com,2023-03-05,pro,False
210,Olivia Jackson,olivia.jackson210@outlook.com,2024-06-25,starter,True
211,Yasmine Walker,yasmine.walker211@outlook.com,2024-02-07,starter,False
212,Peter Walker,peter.walker212@company.io,2023-07-30,free,True
213,Peter White,peter.white213@example.com,2024-06-08,free,True
214,Noah Moore,noah.moore214@example.com,2023-05-13,starter,True
215,Victor Jackson,victor.jackson215@example.com,2024-11-14,free,True
216,Peter Garcia,peter.garcia216@outlook.com,2023-12-27,free,False
217,Tina Williams,tina.williams217@outlook.com,2025-05-24,starter,True
218,Peter Walker,peter.walker218@example.com,2023-10-18,free,True
219,Bob Smith,bob.smith219@example.com,2023-05-10,free,True
220,Xander Moore,xander.moore220@example.com,2023-02-07,free,True
221,Peter Moore,peter.moore221@yahoo.com,2023-12-31,pro,True
222,Wendy Garcia,wendy.garcia222@outlook.com,2024-07-30,free,False
223,Wendy Thomas,wendy.thomas223@example.com,2024-12-22,pro,True
224,David Garcia,david.garcia224@example.com,2024-09-07,free,True
225,Henry Williams,henry.williams225@gmail.com,2023-11-15,starter,True
226,David Wilson,david.wilson226@company.io,2025-01-01,starter,False
227,Carol Jones,carol.jones227@gmail.com,2024-01-22,pro,True
228,Xander Johnson,xander.johnson228@outlook.com,2025-02-27,enterprise,True
229,Uma Lee,uma.lee229@outlook.com,2023-11-12,free,True
230,James Miller,james.miller230@example.com,2024-03-01,starter,True
231,Victor Moore,victor.moore231@yahoo.com,2025-12-21,starter,True
232,Peter Harris,peter.harris232@yahoo.com,2024-09-19,starter,True
233,Karen Johnson,karen.johnson233@yahoo.com,2023-01-20,pro,True
234,Olivia Harris,olivia.harris234@yahoo.com,2023-06-12,enterprise,True
235,Carol Thomas,carol.thomas235@yahoo.com,2025-01-02,free,True
236,Leo Miller,leo.miller236@yahoo.com,2025-05-19,free,True
237,Iris Moore,iris.moore237@example.com,2024-05-18,starter,False
238,Rachel White,rachel.white238@company.io,2024-05-07,starter,True
239,Quinn Lee,quinn.lee239@outlook.com,2023-06-12,pro,True
240,Noah White,noah.white240@yahoo.com,2025-11-03,free,True
241,Zoe Thompson,zoe.thompson241@company.io,2023-06-20,free,False
242,Maya Garcia,maya.garcia242@example.com,2025-02-11,pro,True
243,Maya Taylor,maya.taylor243@yahoo.com,2024-07-30,free,True
244,Henry Williams,henry.williams244@example.com,2023-04-13,free,True
245,Iris Williams,iris.williams245@gmail.com,2025-07-31,pro,True
246,Elena Walker,elena.walker246@outlook.com,2024-05-25,pro,True
247,Bob Garcia,bob.garcia247@company.io,2025-01-16,free,True
248,James Walker,james.walker248@company.io,2024-03-30,pro,True
249,Carol Lee,carol.lee249@yahoo.com,2025-01-27,free,False
250,Carol Smith,carol.smith250@gmail.com,2024-10-24,starter,True
251,Olivia Davis,olivia.davis251@gmail.com,2024-03-24,free,True
252,Xander Williams,xander.williams252@company.io,2024-07-17,starter,False
253,Olivia Anderson,olivia.anderson253@company.io,2023-02-26,pro,True
254,Alice Garcia,alice.garcia254@gmail.com,2025-06-30,free,True
255,Tina Harris,tina.harris255@gmail.com,2023-06-20,pro,True
256,David Moore,david.moore256@example.com,2023-12-18,free,False
257,Zoe Thompson,zoe.thompson257@example.com,2023-11-20,pro,False
258,Xander Wilson,xander.wilson258@gmail.com,2023-01-01,free,True
259,Maya Taylor,maya.taylor259@outlook.com,2025-05-23,pro,False
260,Uma Taylor,uma.taylor260@gmail.com,2024-07-08,free,True
261,Bob Wilson,bob.wilson261@company.io,2023-06-20,free,True
262,Alice Johnson,alice.johnson262@outlook.com,2024-11-25,free,True
263,Xander Davis,xander.davis263@gmail.com,2023-08-19,starter,True
264,Uma Jackson,uma.jackson264@gmail.com,2023-11-06,free,True
265,Grace Wilson,grace.wilson265@company.io,2025-09-19,starter,True
266,Karen Wilson,karen.wilson266@example.com,2024-11-11,free,True
267,Leo Smith,leo.smith267@outlook.com,2023-12-13,free,True
268,Iris Johnson,iris.johnson268@company.io,2024-06-23,starter,True
269,Noah Brown,noah.brown269@company.io,2024-11-22,pro,True
270,Xander Martin,xander.martin270@yahoo.com,2025-10-18,pro,False
271,David Moore,david.moore271@example.com,2023-07-18,free,True
272,Rachel Smith,rachel.smith272@gmail.com,2025-10-19,starter,True
273,Leo Harris,leo.harris273@gmail.com,2023-12-15,free,True
274,Maya Taylor,maya.taylor274@gmail.com,2024-06-21,free,True
275,James Wilson,james.wilson275@yahoo.com,2024-06-17,pro,True
276,Peter Smith,peter.smith276@example.com,2023-05-05,starter,True
277,Carol Taylor,carol.taylor277@gmail.com,2024-04-10,free,True
278,Noah Garcia,noah.garcia278@company.io,2025-11-10,free,True
279,Olivia Johnson,olivia.johnson279@outlook.com,2023-10-20,free,True
280,Sam Martin,sam.martin280@gmail.com,2024-08-26,free,True
281,Alice White,alice.white281@company.io,2023-06-10,free,False
282,Noah Thompson,noah.thompson282@gmail.com,2024-06-26,free,True
283,Peter Jones,peter.jones283@yahoo.com,2025-08-15,free,True
284,Victor Johnson,victor.johnson284@outlook.com,2024-05-30,free,True
285,Carol Taylor,carol.taylor285@gmail.com,2023-03-01,pro,True
286,Carol White,carol.white286@outlook.com,2023-08-16,starter,True
287,Alice Smith,alice.smith287@company.io,2025-08-27,starter,False
288,James Anderson,james.anderson288@outlook.com,2025-07-24,free,True
289,Noah Harris,noah.harris289@company.io,2023-04-04,free,True
290,Wendy Williams,wendy.williams290@example.com,2023-11-23,pro,False
291,Yasmine Davis,yasmine.davis291@outlook.com,2023-08-29,free,False
292,Uma Lee,uma.lee292@yahoo.com,2023-08-15,free,True
293,Frank Anderson,frank.anderson293@example.com,2025-09-20,starter,False
294,Olivia Wilson,olivia.wilson294@gmail.com,2025-12-08,starter,False
295,Victor Johnson,victor.johnson295@outlook.com,2024-07-02,pro,True
296,Uma Thomas,uma.thomas296@example.com,2025-12-28,enterprise,True
297,Carol Garcia,carol.garcia297@yahoo.com,2024-12-01,pro,True
298,Bob Thompson,bob.thompson298@yahoo.com,2025-04-29,free,False
299,Rachel Thompson,rachel.thompson299@gmail.com,2023-11-01,free,True
300,Bob Williams,bob.williams300@company.io,2023-12-11,starter,True
301,Maya Davis,maya.davis301@company.io,2023-05-08,free,True
302,Karen Walker,karen.walker302@outlook.com,2023-08-05,free,True
303,Maya Williams,maya.williams303@company.io,2025-04-26,free,True
304,Zoe Anderson,zoe.anderson304@example.com,2025-03-23,pro,True
305,Maya Johnson,maya.johnson305@yahoo.com,2025-01-06,free,True
306,Quinn Harris,quinn.harris306@yahoo.com,2023-10-23,pro,True
307,Frank Taylor,frank.taylor307@outlook.com,2025-01-06,free,True
308,Alice Thomas,alice.thomas308@example.com,2024-07-03,free,True
309,Zoe White,zoe.white309@yahoo.com,2025-10-16,pro,True
310,Rachel Miller,rachel.miller310@outlook.com,2023-08-29,pro,True
311,Uma Smith,uma.smith311@company.io,2025-03-08,free,True
312,James Davis,james.davis312@example.com,2024-04-18,enterprise,True
313,Iris Jackson,iris.jackson313@gmail.com,2024-04-06,starter,True
314,Uma Jackson,uma.jackson314@gmail.com,2025-12-28,starter,True
315,Uma Harris,uma.harris315@gmail.com,2025-02-25,free,True
316,Victor Davis,victor.davis316@company.io,2025-02-02,starter,False
317,James White,james.white317@example.com,2023-04-15,starter,True
318,Xander Thompson,xander.thompson318@yahoo.com,2023-04-29,free,False
319,Peter Martin,peter.martin319@example.com,2023-02-18,free,True
320,Iris Anderson,iris.anderson320@gmail.com,2024-01-21,free,True
321,Bob Taylor,bob.taylor321@gmail.com,2023-08-31,pro,True
322,Karen Harris,karen.harris322@outlook.com,2024-09-03,free,True
323,Quinn Smith,quinn.smith323@example.com,2024-08-02,free,True
324,Maya Garcia,maya.garcia324@example.com,2023-12-04,starter,True
325,Olivia Garcia,olivia.garcia325@outlook.com,2024-10-06,free,False
326,Wendy Jones,wendy.jones326@example.com,2025-01-08,free,True
327,Bob Brown,bob.brown327@yahoo.com,2024-11-05,free,True
328,Carol White,carol.white328@example.com,2025-11-10,free,True
329,Yasmine Anderson,yasmine.anderson329@gmail.com,2025-01-10,free,True
330,Tina Brown,tina.brown330@example.com,2024-07-01,free,False
331,Xander Williams,xander.williams331@outlook.com,2023-07-28,free,True
332,Alice Harris,alice.harris332@outlook.com,2023-03-27,enterprise,True
333,Leo Williams,leo.williams333@outlook.com,2025-05-26,starter,True
334,Grace Miller,grace.miller334@yahoo.com,2025-08-26,free,True
335,Zoe Thomas,zoe.thomas335@example.com,2024-06-27,free,True
336,Tina Miller,tina.miller336@gmail.com,2023-11-05,starter,False
337,Grace Walker,grace.walker337@gmail.com,2025-02-07,enterprise,True
338,Grace Jackson,grace.jackson338@gmail.com,2025-06-17,free,True
339,David Miller,david.miller339@company.io,2024-02-25,starter,True
340,Carol Jones,carol.jones340@outlook.com,2023-05-23,starter,True
341,Maya Lee,maya.lee341@outlook.com,2024-01-24,free,True
342,Noah Anderson,noah.anderson342@yahoo.com,2023-06-22,starter,True
343,Karen Walker,karen.walker343@outlook.com,2025-02-02,enterprise,True
344,David Anderson,david.anderson344@gmail.com,2024-10-16,enterprise,True
345,Maya Davis,maya.davis345@gmail.com,2025-12-29,free,True
346,Peter Jackson,peter.jackson346@yahoo.com,2024-05-06,enterprise,True
347,Elena Miller,elena.miller347@gmail.com,2024-07-29,free,True
348,Henry Davis,henry.davis348@example.com,2025-12-11,starter,True
349,Victor Lee,victor.lee349@company.io,2023-01-09,pro,True
350,Tina Jones,tina.jones350@company.io,2023-02-03,free,False
351,James Davis,james.davis351@example.com,2025-06-10,pro,True
352,James White,james.white352@gmail.com,2025-10-20,starter,True
353,Xander Garcia,xander.garcia353@company.io,2024-10-06,free,True
354,Noah Jackson,noah.jackson354@yahoo.com,2025-04-26,starter,True
355,Peter Miller,peter.miller355@example.com,2023-04-29,pro,True
356,Elena Miller,elena.miller356@yahoo.com,2023-03-30,starter,False
357,Tina Lee,tina.lee357@example.com,2023-12-14,free,True
358,Uma White,uma.white358@outlook.com,2023-07-23,starter,True
359,Elena Brown,elena.brown359@gmail.com,2025-11-04,starter,True
360,Uma Jackson,uma.jackson360@yahoo.com,2025-04-06,free,True
361,Victor Garcia,victor.garcia361@example.com,2023-05-20,pro,True
362,Sam Thomas,sam.thomas362@gmail.com,2023-01-29,free,True
363,Maya Martin,maya.martin363@example.com,2023-05-10,pro,False
364,Sam Johnson,sam.johnson364@outlook.com,2023-12-01,free,True
365,Iris Thomas,iris.thomas365@outlook.com,2025-10-28,pro,True
366,Yasmine Williams,yasmine.williams366@company.io,2023-10-02,free,True
367,Victor Walker,victor.walker367@example.com,2025-07-23,enterprise,True
368,Grace Brown,grace.brown368@gmail.com,2023-05-08,starter,True
369,Xander Smith,xander.smith369@example.com,2024-12-09,pro,True
370,Quinn White,quinn.white370@example.com,2023-04-02,enterprise,True
371,Iris Thompson,iris.thompson371@yahoo.com,2024-01-30,free,True
372,Karen Thompson,karen.thompson372@company.io,2025-07-26,pro,True
373,Maya Johnson,maya.johnson373@yahoo.com,2023-07-24,free,True
374,Quinn Smith,quinn.smith374@company.io,2025-05-15,starter,True
375,Bob Taylor,bob.taylor375@example.com,2025-09-02,starter,True
376,Uma Smith,uma.smith376@example.com,2025-10-18,starter,False
377,Wendy Miller,wendy.miller377@company.io,2025-12-09,free,True
378,Yasmine Taylor,yasmine.taylor378@yahoo.com,2025-06-17,free,True
379,Quinn Martin,quinn.martin379@company.io,2023-02-17,free,True
380,Karen Taylor,karen.taylor380@company.io,2023-07-21,free,True
381,Grace Williams,grace.williams381@outlook.com,2023-12-09,enterprise,True
382,Peter Taylor,peter.taylor382@company.io,2023-10-09,free,True
383,Iris Wilson,iris.wilson383@yahoo.com,2024-02-07,pro,True
384,Rachel Garcia,rachel.garcia384@company.io,2024-04-07,starter,False
385,Uma Walker,uma.walker385@company.io,2025-04-16,free,False
386,James Smith,james.smith386@company.io,2025-12-02,free,True
387,Iris Smith,iris.smith387@gmail.com,2024-11-11,free,True
388,Maya Jones,maya.jones388@gmail.com,2025-09-21,starter,True
389,Noah Taylor,noah.taylor389@yahoo.com,2024-10-09,pro,True
390,James Jones,james.jones390@outlook.com,2024-11-15,starter,True
391,Olivia Garcia,olivia.garcia391@example.com,2024-01-01,starter,False
392,Olivia Garcia,olivia.garcia392@yahoo.com,2025-05-10,free,True
393,Noah Smith,noah.smith393@gmail.com,2024-10-05,enterprise,True
394,Henry Martin,henry.martin394@yahoo.com,2025-06-16,starter,True
395,Rachel Jackson,rachel.jackson395@example.com,2025-12-12,free,True
396,Elena Miller,elena.miller396@example.com,2025-12-10,free,False
397,Uma Wilson,uma.wilson397@company.io,2025-10-23,starter,False
398,Noah Jackson,noah.jackson398@gmail.com,2023-05-04,free,True
399,Peter Wilson,peter.wilson399@example.com,2023-04-17,starter,True
400,Peter Williams,peter.williams400@outlook.com,2023-11-26,free,True
401,Uma Anderson,uma.anderson401@gmail.com,2025-03-27,free,True
402,Elena Jackson,elena.jackson402@company.io,2024-08-07,pro,True
403,Bob Lee,bob.lee403@company.io,2023-06-04,free,True
404,Sam Williams,sam.williams404@gmail.com,2023-04-07,starter,True
405,Leo Lee,leo.lee405@outlook.com,2024-09-24,free,True
406,Xander Davis,xander.davis406@gmail.com,2023-04-22,free,True
407,Iris Thomas,iris.thomas407@yahoo.com,2025-10-02,starter,True
408,Uma Garcia,uma.garcia408@gmail.com,2024-10-06,free,True
409,Karen Thompson,karen.thompson409@example.com,2025-11-03,enterprise,True
410,Grace Johnson,grace.johnson410@company.io,2024-02-11,free,True
411,Maya Anderson,maya.anderson411@company.io,2023-08-06,free,True
412,Uma Thompson,uma.thompson412@company.io,2023-05-15,pro,True
413,Carol Miller,carol.miller413@outlook.com,2023-01-02,starter,True
414,Alice Jackson,alice.jackson414@outlook.com,2023-12-27,free,True
415,Noah Wilson,noah.wilson415@yahoo.com,2024-09-27,pro,True
416,Yasmine Jackson,yasmine.jackson416@outlook.com,2023-10-15,pro,True
417,Leo Johnson,leo.johnson417@outlook.com,2024-01-30,free,True
418,Victor Wilson,victor.wilson418@gmail.com,2023-06-17,enterprise,False
419,Quinn Anderson,quinn.anderson419@example.com,2024-12-22,free,True
420,Rachel Thompson,rachel.thompson420@company.io,2024-12-04,free,True
421,Rachel Harris,rachel.harris421@outlook.com,2024-01-19,free,True
422,Victor Anderson,victor.anderson422@outlook.com,2023-12-02,enterprise,True
423,Xander Garcia,xander.garcia423@yahoo.com,2023-04-12,pro,False
424,Iris Davis,iris.davis424@gmail.com,2024-05-19,starter,True
425,Tina Harris,tina.harris425@company.io,2024-07-25,free,True
426,Henry Davis,henry.davis426@yahoo.com,2024-09-25,free,True
427,Noah Harris,noah.harris427@outlook.com,2023-04-21,free,True
428,Peter White,peter.white428@yahoo.com,2024-06-20,starter,True
429,Xander Wilson,xander.wilson429@example.com,2025-09-11,free,True
430,Xander Martin,xander.martin430@yahoo.com,2024-08-28,free,True
431,Noah White,noah.white431@gmail.com,2023-02-14,free,True
432,Rachel Moore,rachel.moore432@outlook.com,2023-12-22,starter,False
433,Sam Davis,sam.davis433@gmail.com,2025-02-15,starter,False
434,Elena Martin,elena.martin434@yahoo.com,2025-05-17,free,True
435,Tina Harris,tina.harris435@gmail.com,2024-01-04,free,True
436,Alice Taylor,alice.taylor436@outlook.com,2025-08-19,starter,True
437,Leo Martin,leo.martin437@outlook.com,2024-04-13,free,True
438,Maya Anderson,maya.anderson438@gmail.com,2023-10-29,enterprise,True
439,Grace Wilson,grace.wilson439@outlook.com,2023-04-25,starter,True
440,Alice Martin,alice.martin440@gmail.com,2025-04-28,pro,True
441,Xander Davis,xander.davis441@example.com,2024-11-04,starter,True
442,Karen White,karen.white442@example.com,2024-07-05,pro,True
443,Xander Harris,xander.harris443@yahoo.com,2023-09-10,free,False
444,Uma Brown,uma.brown444@gmail.com,2024-01-09,free,True
445,David Martin,david.martin445@gmail.com,2024-10-16,free,True
446,Rachel Martin,rachel.martin446@example.com,2024-03-21,pro,True
447,Olivia Johnson,olivia.johnson447@company.io,2023-04-30,free,False
448,Alice Walker,alice.walker448@outlook.com,2023-02-10,starter,True
449,Maya Miller,maya.miller449@yahoo.com,2025-06-27,free,True
450,Wendy Miller,wendy.miller450@yahoo.com,2025-05-25,free,False
451,Yasmine Harris,yasmine.harris451@example.com,2025-12-11,free,True
452,Bob Harris,bob.harris452@example.com,2024-05-09,free,True
453,Peter Harris,peter.harris453@outlook.com,2023-11-30,starter,True
454,Tina Lee,tina.lee454@example.com,2025-06-09,pro,False
455,Sam Brown,sam.brown455@example.com,2024-09-07,free,True
456,Victor Lee,victor.lee456@example.com,2024-04-04,enterprise,True
457,Olivia Lee,olivia.lee457@yahoo.com,2025-12-15,free,True
458,Xander Walker,xander.walker458@gmail.com,2023-07-26,free,True
459,David Taylor,david.taylor459@example.com,2024-10-04,free,True
460,Olivia Thompson,olivia.thompson460@company.io,2023-07-22,free,True
461,Henry Miller,henry.miller461@yahoo.com,2023-05-25,enterprise,True
462,Yasmine Davis,yasmine.davis462@gmail.com,2024-03-12,starter,True
463,Karen Thomas,karen.thomas463@gmail.com,2025-05-16,starter,True
464,Maya Anderson,maya.anderson464@gmail.com,2023-10-19,free,False
465,Alice Johnson,alice.johnson465@yahoo.com,2025-10-18,starter,True
466,Tina Lee,tina.lee466@outlook.com,2025-12-04,starter,True
467,Olivia Johnson,olivia.johnson467@gmail.com,2024-12-19,free,False
468,Karen Davis,karen.davis468@example.com,2023-04-20,pro,True
469,Grace Brown,grace.brown469@example.com,2023-01-06,free,True
470,Peter Thomas,peter.thomas470@example.com,2024-03-02,free,True
471,Uma Lee,uma.lee471@yahoo.com,2025-10-16,free,True
472,Maya Garcia,maya.garcia472@yahoo.com,2025-03-20,pro,True
473,Peter Taylor,peter.taylor473@yahoo.com,2023-07-01,free,True
474,Frank Wilson,frank.wilson474@yahoo.com,2025-10-04,free,True
475,Olivia Taylor,olivia.taylor475@company.io,2024-01-30,starter,True
476,Uma Moore,uma.moore476@outlook.com,2024-07-02,pro,True
477,Sam Lee,sam.lee477@company.io,2024-07-07,free,True
478,Yasmine Thomas,yasmine.thomas478@yahoo.com,2024-06-22,starter,True
479,Alice Lee,alice.lee479@yahoo.com,2025-10-06,free,True
480,Leo White,leo.white480@yahoo.com,2025-04-27,starter,False
481,Olivia Johnson,olivia.johnson481@outlook.com,2023-08-13,pro,False
482,Carol Brown,carol.brown482@gmail.com,2024-01-28,free,True
483,Olivia Jones,olivia.jones483@gmail.com,2025-09-03,free,False
484,Iris Anderson,iris.anderson484@company.io,2025-05-29,enterprise,True
485,Noah Thomas,noah.thomas485@company.io,2025-02-09,pro,True
486,Xander Taylor,xander.taylor486@gmail.com,2024-07-07,free,True
487,Yasmine Williams,yasmine.williams487@gmail.com,2024-01-15,free,True
488,Olivia Thomas,olivia.thomas488@outlook.com,2025-08-03,free,True
489,Yasmine Thomas,yasmine.thomas489@outlook.com,2025-07-26,pro,True
490,Sam Harris,sam.harris490@company.io,2024-09-08,free,False
491,Alice Jackson,alice.jackson491@example.com,2024-10-26,starter,True
492,Zoe Jones,zoe.jones492@yahoo.com,2024-05-14,free,True
493,Noah Garcia,noah.garcia493@gmail.com,2024-09-28,starter,True
494,Noah Brown,noah.brown494@company.io,2024-11-15,free,True
495,Olivia Davis,olivia.davis495@gmail.com,2024-10-21,free,True
496,James Garcia,james.garcia496@example.com,2023-01-01,enterprise,True
497,Carol Jackson,carol.jackson497@yahoo.com,2024-02-19,free,True
498,Uma Thomas,uma.thomas498@gmail.com,2024-12-21,pro,True
499,Bob Jackson,bob.jackson499@company.io,2023-09-07,free,False
500,Noah White,noah.white500@gmail.com,2024-11-10,starter,True
501,David White,david.white501@example.com,2025-08-19,free,True
502,Grace Brown,grace.brown502@example.com,2024-08-06,free,False
503,Tina Thomas,tina.thomas503@gmail.com,2025-08-02,free,True
504,Carol Jones,carol.jones504@yahoo.com,2025-11-13,free,True
505,Yasmine Harris,yasmine.harris505@example.com,2025-11-24,free,True
506,Sam Thompson,sam.thompson506@example.com,2025-10-30,free,True
507,Olivia Anderson,olivia.anderson507@example.com,2025-04-05,enterprise,True
508,Rachel Jackson,rachel.jackson508@yahoo.com,2025-07-04,enterprise,True
509,Frank Davis,frank.davis509@gmail.com,2023-03-15,starter,True
510,Karen Wilson,karen.wilson510@company.io,2024-11-12,starter,True
511,David Miller,david.miller511@yahoo.com,2025-02-26,free,False
512,Victor Williams,victor.williams512@gmail.com,2024-11-01,free,True
513,Quinn Williams,quinn.williams513@outlook.com,2023-02-06,starter,True
514,Frank Moore,frank.moore514@company.io,2024-09-23,enterprise,True
515,Zoe Brown,zoe.brown515@yahoo.com,2025-07-09,free,True
516,Bob Lee,bob.lee516@outlook.com,2023-12-10,starter,True
517,Victor Brown,victor.brown517@outlook.com,2025-04-16,starter,True
518,Rachel Williams,rachel.williams518@yahoo.com,2023-08-30,pro,True
519,Carol Anderson,carol.anderson519@gmail.com,2025-11-15,starter,True
520,Maya Lee,maya.lee520@gmail.com,2023-02-23,free,True
521,Bob Moore,bob.moore521@company.io,2024-09-17,free,True
522,Yasmine Anderson,yasmine.anderson522@example.com,2023-05-13,free,True
523,Henry Walker,henry.walker523@outlook.com,2023-11-15,free,True
524,Carol Williams,carol.williams524@example.com,2023-11-25,free,True
525,Tina Johnson,tina.johnson525@gmail.com,2025-10-22,pro,True
526,Victor Johnson,victor.johnson526@company.io,2025-12-06,free,True
527,James Moore,james.moore527@gmail.com,2025-05-28,pro,True
528,Xander Thomas,xander.thomas528@gmail.com,2023-07-30,free,True
529,Elena Walker,elena.walker529@outlook.com,2023-12-01,enterprise,True
530,Peter Johnson,peter.johnson530@example.com,2023-03-03,free,True
531,Leo Thompson,leo.thompson531@yahoo.com,2024-07-27,enterprise,False
532,Tina Harris,tina.harris532@company.io,2024-10-22,starter,False
533,Alice Johnson,alice.johnson533@yahoo.com,2023-05-01,free,True
534,Xander Martin,xander.martin534@company.io,2023-07-09,free,True
535,Tina Jackson,tina.jackson535@yahoo.com,2023-11-08,starter,True
536,Uma White,uma.white536@company.io,2024-06-24,starter,False
537,Iris Lee,iris.lee537@outlook.com,2025-11-02,enterprise,True
538,Leo Williams,leo.williams538@example.com,2023-03-19,free,False
539,Zoe Thomas,zoe.thomas539@yahoo.com,2024-03-10,free,True
540,Elena Jones,elena.jones540@company.io,2025-09-22,starter,True
541,Rachel Taylor,rachel.taylor541@example.com,2024-09-18,pro,False
542,Quinn Garcia,quinn.garcia542@yahoo.com,2025-01-08,starter,True
543,Wendy Wilson,wendy.wilson543@outlook.com,2024-01-08,free,True
544,Alice Brown,alice.brown544@gmail.com,2024-10-03,starter,True
545,Maya Walker,maya.walker545@outlook.com,2023-07-24,starter,True
546,David Miller,david.miller546@example.com,2025-01-12,enterprise,True
547,Henry Garcia,henry.garcia547@yahoo.com,2025-08-21,free,True
548,Grace Walker,grace.walker548@company.io,2024-05-11,free,True
549,Frank Taylor,frank.taylor549@yahoo.com,2024-03-27,free,True
550,Wendy Jones,wendy.jones550@gmail.com,2024-02-23,starter,True
551,Peter Lee,peter.lee551@company.io,2024-10-29,enterprise,True
552,Alice Harris,alice.harris552@yahoo.com,2024-04-01,free,False
553,Wendy Wilson,wendy.wilson553@outlook.com,2024-10-29,starter,False
554,James Martin,james.martin554@yahoo.com,2024-08-22,free,True
555,Rachel Garcia,rachel.garcia555@example.com,2025-02-15,free,True
556,Quinn White,quinn.white556@yahoo.com,2024-01-23,pro,True
557,Alice Jackson,alice.jackson557@yahoo.com,2025-01-09,pro,True
558,Xander Miller,xander.miller558@company.io,2023-02-09,starter,True
559,Rachel Jones,rachel.jones559@yahoo.com,2025-05-06,free,True
560,Wendy Williams,wendy.williams560@company.io,2025-07-31,free,False
561,Carol Anderson,carol.anderson561@yahoo.com,2023-10-05,starter,True
562,Alice Miller,alice.miller562@outlook.com,2023-07-15,pro,True
563,Olivia Harris,olivia.harris563@outlook.com,2025-02-16,pro,True
564,Wendy Jackson,wendy.jackson564@yahoo.com,2025-09-25,free,True
565,Sam Lee,sam.lee565@example.com,2025-08-25,free,False
566,Zoe Taylor,zoe.taylor566@yahoo.com,2025-11-02,free,True
567,Rachel Williams,rachel.williams567@yahoo.com,2023-11-04,starter,True
568,Victor Walker,victor.walker568@company.io,2024-11-07,free,True
569,Grace Harris,grace.harris569@company.io,2024-07-06,pro,True
570,Frank Taylor,frank.taylor570@company.io,2023-11-13,enterprise,True
571,Rachel Miller,rachel.miller571@outlook.com,2025-04-15,pro,True
572,Zoe Jones,zoe.jones572@example.com,2025-03-02,free,True
573,Olivia Williams,olivia.williams573@example.com,2025-02-09,free,True
574,Sam Lee,sam.lee574@yahoo.com,2024-06-22,free,False
575,Maya Martin,maya.martin575@yahoo.com,2025-11-28,starter,True
576,Carol Thomas,carol.thomas576@yahoo.com,2025-11-23,enterprise,True
577,James Garcia,james.garcia577@company.io,2025-11-04,free,True
578,Zoe Brown,zoe.brown578@gmail.com,2024-05-17,free,False
579,Alice Anderson,alice.anderson579@company.io,2024-11-13,starter,True
580,Noah Garcia,noah.garcia580@outlook.com,2023-03-12,starter,True
581,James Williams,james.williams581@yahoo.com,2024-03-14,free,True
582,Rachel Walker,rachel.walker582@example.com,2023-01-04,starter,True
583,Quinn Martin,quinn.martin583@company.io,2023-03-05,starter,False
584,Alice White,alice.white584@gmail.com,2024-08-01,starter,False
585,Grace Thomas,grace.thomas585@gmail.com,2024-05-15,pro,True
586,Alice Martin,alice.martin586@outlook.com,2025-11-01,free,True
587,Iris Miller,iris.miller587@company.io,2023-10-03,pro,True
588,Frank Jackson,frank.jackson588@company.io,2025-10-12,pro,True
589,Rachel Davis,rachel.davis589@gmail.com,2023-06-05,starter,True
590,Zoe Moore,zoe.moore590@yahoo.com,2025-11-15,pro,True
591,Bob Lee,bob.lee591@company.io,2025-09-26,free,True
592,Quinn Wilson,quinn.wilson592@yahoo.com,2023-08-29,starter,True
593,Bob Williams,bob.williams593@example.com,2025-08-25,free,False
594,Carol Davis,carol.davis594@gmail.com,2023-09-09,free,True
595,Tina White,tina.white595@outlook.com,2025-03-04,free,False
596,Victor Miller,victor.miller596@gmail.com,2023-09-30,free,True
597,Olivia Smith,olivia.smith597@outlook.com,2023-12-30,starter,True
598,Peter Taylor,peter.taylor598@example.com,2023-07-08,pro,True
599,Tina Garcia,tina.garcia599@gmail.com,2025-04-28,free,True
600,David Thomas,david.thomas600@outlook.com,2023-09-24,pro,False
601,Maya Williams,maya.williams601@example.com,2023-07-30,free,True
602,David Johnson,david.johnson602@gmail.com,2023-05-23,free,True
603,Frank Taylor,frank.taylor603@gmail.com,2024-04-06,free,True
604,Elena Miller,elena.miller604@example.com,2023-02-06,free,True
605,Bob Garcia,bob.garcia605@gmail.com,2023-07-06,pro,True
606,Carol Wilson,carol.wilson606@company.io,2025-03-04,free,True
607,Maya Johnson,maya.johnson607@company.io,2025-10-11,free,True
608,Bob Moore,bob.moore608@outlook.com,2023-04-10,starter,True
609,Rachel Smith,rachel.smith609@company.io,2024-02-24,starter,True
610,Leo Davis,leo.davis610@yahoo.com,2024-02-28,free,False
611,Maya Garcia,maya.garcia611@company.io,2023-09-28,free,False
612,James Lee,james.lee612@outlook.com,2025-02-12,enterprise,True
613,Bob Anderson,bob.anderson613@gmail.com,2024-11-23,free,True
614,Elena Smith,elena.smith614@example.com,2025-03-21,free,False
615,Sam Jones,sam.jones615@outlook.com,2023-01-01,free,False
616,Grace Taylor,grace.taylor616@example.com,2025-05-09,free,True
617,Sam Johnson,sam.johnson617@yahoo.com,2025-02-25,free,True
618,Leo Harris,leo.harris618@outlook.com,2024-02-15,free,False
619,Karen Martin,karen.martin619@gmail.com,2023-01-24,free,True
620,David Thomas,david.thomas620@yahoo.com,2025-02-11,free,False
621,Wendy Moore,wendy.moore621@company.io,2025-11-29,free,False
622,Maya Anderson,maya.anderson622@gmail.com,2023-02-06,free,True
623,Uma Anderson,uma.anderson623@outlook.com,2025-11-12,starter,True
624,James Thomas,james.thomas624@outlook.com,2023-11-27,free,True
625,Yasmine Walker,yasmine.walker625@gmail.com,2023-10-15,free,False
626,Maya Anderson,maya.anderson626@gmail.com,2025-12-05,starter,True
627,Maya Smith,maya.smith627@example.com,2023-08-18,pro,True
628,Bob White,bob.white628@outlook.com,2023-09-03,pro,True
629,Frank Thomas,frank.thomas629@company.io,2025-08-27,starter,True
630,Iris Thomas,iris.thomas630@gmail.com,2025-03-12,starter,True
631,Victor Martin,victor.martin631@outlook.com,2024-02-06,starter,True
632,Leo Jackson,leo.jackson632@example.com,2025-10-19,pro,False
633,Elena Smith,elena.smith633@outlook.com,2025-09-22,free,False
634,Henry Thomas,henry.thomas634@outlook.com,2024-04-10,free,True
635,James Williams,james.williams635@outlook.com,2024-08-19,pro,True
636,Wendy Harris,wendy.harris636@gmail.com,2025-06-15,enterprise,True
637,Carol Moore,carol.moore637@outlook.com,2025-01-24,free,True
638,Bob Johnson,bob.johnson638@yahoo.com,2023-02-07,enterprise,True
639,Leo Moore,leo.moore639@company.io,2024-02-05,enterprise,True
640,Iris Jones,iris.jones640@company.io,2023-10-12,starter,True
641,Uma Williams,uma.williams641@gmail.com,2023-02-20,starter,True
642,Iris Taylor,iris.taylor642@gmail.com,2025-12-04,free,True
643,Victor Moore,victor.moore643@company.io,2023-03-26,free,False
644,Alice White,alice.white644@outlook.com,2023-08-19,free,True
645,Alice Garcia,alice.garcia645@yahoo.com,2025-01-13,free,True
646,Grace Williams,grace.williams646@yahoo.com,2024-06-05,starter,True
647,Frank Garcia,frank.garcia647@example.com,2023-02-27,pro,True
648,Carol Harris,carol.harris648@outlook.com,2024-06-28,starter,False
649,Henry White,henry.white649@example.com,2023-03-16,free,True
650,Rachel Garcia,rachel.garcia650@example.com,2023-08-21,free,True
651,Grace Walker,grace.walker651@company.io,2023-07-31,free,True
652,Yasmine Thompson,yasmine.thompson652@yahoo.com,2025-05-16,starter,True
653,Noah Brown,noah.brown653@yahoo.com,2023-05-05,pro,True
654,James Thomas,james.thomas654@outlook.com,2025-04-17,pro,True
655,Maya Wilson,maya.wilson655@company.io,2024-12-29,free,True
656,Bob Thompson,bob.thompson656@outlook.com,2024-12-23,free,True
657,Uma Moore,uma.moore657@yahoo.com,2023-11-14,free,True
658,Sam Lee,sam.lee658@yahoo.com,2025-11-19,free,False
659,Quinn Anderson,quinn.anderson659@outlook.com,2023-08-08,free,True
660,Elena Taylor,elena.taylor660@outlook.com,2023-10-16,free,False
661,Victor Thompson,victor.thompson661@company.io,2024-11-21,pro,False
662,Yasmine Brown,yasmine.brown662@example.com,2025-12-19,free,True
663,Quinn Miller,quinn.miller663@example.com,2023-03-29,pro,True
664,Alice Jackson,alice.jackson664@company.io,2024-03-25,pro,True
665,Rachel Davis,rachel.davis665@gmail.com,2024-04-09,starter,True
666,Alice Brown,alice.brown666@company.io,2025-08-30,free,True
667,Elena Williams,elena.williams667@example.com,2023-09-09,starter,True
668,Peter Brown,peter.brown668@example.com,2025-07-27,free,True
669,Peter Moore,peter.moore669@outlook.com,2024-12-14,enterprise,True
670,Noah Lee,noah.lee670@gmail.com,2024-09-25,free,True
671,Noah Harris,noah.harris671@yahoo.com,2024-09-17,free,True
672,Uma Taylor,uma.taylor672@outlook.com,2025-04-26,free,True
673,Tina White,tina.white673@example.com,2023-12-01,starter,False
674,Noah Davis,noah.davis674@yahoo.com,2025-09-01,free,True
675,Henry Harris,henry.harris675@gmail.com,2024-01-26,starter,True
676,Carol Lee,carol.lee676@gmail.com,2024-10-30,free,True
677,Victor Brown,victor.brown677@outlook.com,2023-05-09,starter,True
678,Alice White,alice.white678@company.io,2025-11-27,starter,True
679,Sam Martin,sam.martin679@company.io,2025-02-26,pro,True
680,Uma Jackson,uma.jackson680@gmail.com,2024-12-26,pro,True
681,Sam Brown,sam.brown681@company.io,2023-01-16,free,True
682,Henry Jackson,henry.jackson682@yahoo.com,2025-06-23,free,True
683,Olivia Davis,olivia.davis683@example.com,2023-04-03,free,True
684,Quinn Wilson,quinn.wilson684@yahoo.com,2024-08-11,free,True
685,Victor Harris,victor.harris685@gmail.com,2025-06-14,starter,False
686,David Williams,david.williams686@gmail.com,2024-08-10,free,True
687,Frank Smith,frank.smith687@company.io,2024-02-24,free,True
688,Zoe Davis,zoe.davis688@outlook.com,2024-10-01,free,True
689,Karen Anderson,karen.anderson689@company.io,2024-09-17,free,True
690,Grace Williams,grace.williams690@gmail.com,2025-03-22,starter,True
691,Frank Thomas,frank.thomas691@company.io,2024-04-18,free,True
692,Alice Thompson,alice.thompson692@example.com,2024-07-03,free,False
693,David Moore,david.moore693@example.com,2025-01-19,free,True
694,David Thomas,david.thomas694@outlook.com,2025-06-06,free,True
695,Bob Wilson,bob.wilson695@gmail.com,2025-11-06,starter,False
696,Victor Jones,victor.jones696@outlook.com,2024-08-05,enterprise,True
697,Frank Thompson,frank.thompson697@example.com,2023-12-16,free,True
698,Iris Thomas,iris.thomas698@gmail.com,2025-07-25,free,True
699,Grace Williams,grace.williams699@outlook.com,2024-02-04,starter,True
700,Grace White,grace.white700@yahoo.com,2023-11-07,starter,True
701,Xander Smith,xander.smith701@outlook.com,2024-11-26,free,True
702,Yasmine Martin,yasmine.martin702@yahoo.com,2024-07-21,starter,True
703,Maya Moore,maya.moore703@company.io,2025-04-24,free,False
704,Peter Miller,peter.miller704@example.com,2025-04-13,starter,False
705,Henry Harris,henry.harris705@yahoo.com,2023-11-27,starter,True
706,Yasmine Thompson,yasmine.thompson706@gmail.com,2023-06-03,free,True
707,Victor Lee,victor.lee707@yahoo.com,2025-01-17,starter,True
708,Bob Garcia,bob.garcia708@gmail.com,2024-02-14,free,False
709,Bob Davis,bob.davis709@yahoo.com,2025-10-28,free,True
710,Peter Martin,peter.martin710@company.io,2025-04-06,free,True
711,James Walker,james.walker711@gmail.com,2025-08-24,free,True
712,Victor Wilson,victor.wilson712@example.com,2025-11-08,free,True
713,Alice Davis,alice.davis713@example.com,2023-06-30,free,True
714,Frank Martin,frank.martin714@example.com,2024-05-13,free,True
715,Tina Thompson,tina.thompson715@outlook.com,2024-04-02,enterprise,True
716,Yasmine Thompson,yasmine.thompson716@yahoo.com,2024-01-12,pro,True
717,Quinn Brown,quinn.brown717@outlook.com,2025-05-21,starter,True
718,Karen Davis,karen.davis718@company.io,2025-11-23,starter,True
719,Yasmine Garcia,yasmine.garcia719@gmail.com,2025-06-17,free,True
720,Quinn Jackson,quinn.jackson720@gmail.com,2023-06-25,free,True
721,Victor Garcia,victor.garcia721@yahoo.com,2023-04-17,pro,True
722,Rachel Smith,rachel.smith722@gmail.com,2024-07-26,free,False
723,Carol Wilson,carol.wilson723@gmail.com,2023-11-05,starter,True
724,Iris Moore,iris.moore724@company.io,2023-08-04,enterprise,True
725,Frank Johnson,frank.johnson725@example.com,2024-02-17,pro,False
726,Rachel White,rachel.white726@outlook.com,2025-10-28,free,False
727,Olivia Thompson,olivia.thompson727@example.com,2025-05-21,starter,True
728,Henry Jones,henry.jones728@company.io,2025-07-29,enterprise,False
729,Noah Miller,noah.miller729@example.com,2024-11-10,starter,True
730,Noah Thompson,noah.thompson730@example.com,2023-04-11,free,True
731,James Williams,james.williams731@company.io,2024-05-29,starter,True
732,Noah Thomas,noah.thomas732@yahoo.com,2024-05-20,free,True
733,Leo Jackson,leo.jackson733@gmail.com,2025-11-04,free,True
734,Peter White,peter.white734@company.io,2025-10-12,pro,True
735,Elena Walker,elena.walker735@outlook.com,2024-11-25,starter,True
736,Rachel Martin,rachel.martin736@yahoo.com,2025-06-19,free,True
737,Sam Garcia,sam.garcia737@yahoo.com,2025-02-11,free,False
738,Iris Taylor,iris.taylor738@gmail.com,2024-01-09,free,True
739,Peter Johnson,peter.johnson739@yahoo.com,2023-09-04,enterprise,True
740,Frank Walker,frank.walker740@outlook.com,2023-05-27,pro,True
741,Xander Smith,xander.smith741@yahoo.com,2025-06-16,starter,True
742,Frank Lee,frank.lee742@outlook.com,2023-01-06,free,True
743,Xander Smith,xander.smith743@outlook.com,2024-03-14,free,False
744,Frank Jackson,frank.jackson744@example.com,2023-01-20,starter,True
745,Karen Brown,karen.brown745@gmail.com,2025-12-09,free,True
746,Tina Lee,tina.lee746@company.io,2023-01-07,pro,True
747,Xander Martin,xander.martin747@yahoo.com,2024-02-28,starter,True
748,Tina Moore,tina.moore748@gmail.com,2023-12-07,starter,True
749,Sam Moore,sam.moore749@yahoo.com,2025-01-05,pro,False
750,Maya Anderson,maya.anderson750@company.io,2025-01-16,free,True
751,Quinn Thomas,quinn.thomas751@yahoo.com,2023-11-01,starter,True
752,Victor Harris,victor.harris752@gmail.com,2024-11-29,free,True
753,Karen Taylor,karen.taylor753@company.io,2024-03-06,starter,True
754,James Brown,james.brown754@gmail.com,2025-04-08,free,False
755,Noah Thomas,noah.thomas755@gmail.com,2025-04-15,pro,True
756,Carol Taylor,carol.taylor756@yahoo.com,2023-06-12,free,True
757,Zoe Garcia,zoe.garcia757@outlook.com,2024-08-20,starter,True
758,Olivia Lee,olivia.lee758@gmail.com,2025-11-11,free,True
759,Yasmine Thomas,yasmine.thomas759@example.com,2025-07-13,free,True
760,Zoe Anderson,zoe.anderson760@outlook.com,2025-03-16,pro,True
761,Grace Wilson,grace.wilson761@yahoo.com,2025-05-05,free,False
762,Quinn Thompson,quinn.thompson762@yahoo.com,2024-09-27,starter,True
763,Noah Lee,noah.lee763@company.io,2025-02-11,starter,True
764,Zoe Brown,zoe.brown764@example.com,2025-08-12,pro,True
765,Bob Moore,bob.moore765@gmail.com,2024-08-15,starter,False
766,Henry Moore,henry.moore766@example.com,2025-06-30,free,False
767,Zoe Thomas,zoe.thomas767@gmail.com,2024-05-08,pro,True
768,Frank Garcia,frank.garcia768@example.com,2024-03-02,pro,True
769,Wendy Moore,wendy.moore769@outlook.com,2024-03-17,enterprise,True
770,Frank Williams,frank.williams770@yahoo.com,2024-07-16,enterprise,True
771,Karen White,karen.white771@example.com,2023-03-04,pro,True
772,Karen Thomas,karen.thomas772@company.io,2025-09-20,free,True
773,Maya Miller,maya.miller773@company.io,2024-12-14,free,True
774,Grace White,grace.white774@gmail.com,2025-01-28,free,True
775,James Brown,james.brown775@yahoo.com,2025-03-28,free,True
776,Maya Harris,maya.harris776@example.com,2025-01-09,pro,True
777,Uma Miller,uma.miller777@yahoo.com,2023-09-29,free,True
778,Peter Miller,peter.miller778@company.io,2023-06-12,starter,True
779,Karen White,karen.white779@example.com,2023-08-31,pro,False
780,Tina Moore,tina.moore780@outlook.com,2024-06-24,starter,True
781,Rachel Walker,rachel.walker781@outlook.com,2024-09-02,free,True
782,Quinn Jones,quinn.jones782@company.io,2025-07-04,free,True
783,David Davis,david.davis783@company.io,2025-03-03,free,True
784,Quinn Jackson,quinn.jackson784@example.com,2025-03-11,starter,False
785,Yasmine Harris,yasmine.harris785@example.com,2025-05-18,free,True
786,James Brown,james.brown786@example.com,2024-05-05,free,False
787,Xander Walker,xander.walker787@outlook.com,2023-04-19,starter,True
788,Iris White,iris.white788@outlook.com,2024-01-17,free,True
789,Leo Moore,leo.moore789@outlook.com,2024-12-04,starter,True
790,Noah Williams,noah.williams790@gmail.com,2024-11-15,free,True
791,Frank Thompson,frank.thompson791@company.io,2024-07-21,pro,True
792,Carol Walker,carol.walker792@yahoo.com,2023-09-11,enterprise,True
793,Alice Davis,alice.davis793@company.io,2023-12-11,enterprise,True
794,Alice Davis,alice.davis794@outlook.com,2025-04-27,starter,True
795,Wendy Brown,wendy.brown795@gmail.com,2025-02-01,starter,True
796,Alice Harris,alice.harris796@outlook.com,2023-03-02,free,True
797,Victor Walker,victor.walker797@yahoo.com,2023-12-22,enterprise,True
798,Olivia Walker,olivia.walker798@company.io,2024-09-15,pro,True
799,Henry Williams,henry.williams799@company.io,2025-09-14,free,True
800,Noah Jackson,noah.jackson800@company.io,2025-12-16,free,True
801,Henry Davis,henry.davis801@example.com,2025-03-14,free,True
802,Henry Smith,henry.smith802@yahoo.com,2023-10-19,starter,True
803,James Walker,james.walker803@example.com,2025-05-12,free,True
804,Maya Thomas,maya.thomas804@outlook.com,2024-07-20,starter,True
805,Yasmine Taylor,yasmine.taylor805@yahoo.com,2025-03-18,free,True
806,Zoe Davis,zoe.davis806@outlook.com,2024-11-20,free,False
807,Uma White,uma.white807@company.io,2023-12-15,free,True
808,Bob Williams,bob.williams808@yahoo.com,2025-12-23,starter,True
809,Quinn Garcia,quinn.garcia809@example.com,2023-01-19,pro,True
810,Sam Garcia,sam.garcia810@gmail.com,2024-12-28,free,True
811,Alice Moore,alice.moore811@outlook.com,2025-03-28,starter,True
812,Tina Johnson,tina.johnson812@gmail.com,2023-06-13,starter,True
813,Grace Williams,grace.williams813@outlook.com,2023-09-30,pro,False
814,Iris Brown,iris.brown814@outlook.com,2025-07-23,free,True
815,Wendy Jones,wendy.jones815@company.io,2025-05-16,starter,True
816,Carol Garcia,carol.garcia816@company.io,2025-07-08,pro,True
817,Sam Miller,sam.miller817@yahoo.com,2024-04-08,free,True
818,Tina Moore,tina.moore818@yahoo.com,2023-02-10,free,True
819,Zoe Taylor,zoe.taylor819@company.io,2025-03-17,enterprise,True
820,Wendy Garcia,wendy.garcia820@example.com,2025-01-15,free,True
821,Carol Smith,carol.smith821@yahoo.com,2023-06-09,starter,False
822,Uma Harris,uma.harris822@yahoo.com,2024-01-05,starter,True
823,Elena Miller,elena.miller823@outlook.com,2025-05-26,free,True
824,Leo Moore,leo.moore824@company.io,2023-05-11,free,True
825,Bob Davis,bob.davis825@example.com,2024-07-28,starter,True
826,Victor Garcia,victor.garcia826@company.io,2024-06-17,free,False
827,Tina Martin,tina.martin827@example.com,2023-12-21,starter,True
828,Tina Brown,tina.brown828@outlook.com,2024-03-06,pro,True
829,Karen Wilson,karen.wilson829@yahoo.com,2024-12-03,starter,True
830,Noah Jones,noah.jones830@example.com,2025-05-15,pro,True
831,Peter Martin,peter.martin831@gmail.com,2024-05-23,pro,True
832,James White,james.white832@outlook.com,2023-05-30,free,True
833,Yasmine Johnson,yasmine.johnson833@company.io,2024-07-13,starter,True
834,Xander Taylor,xander.taylor834@gmail.com,2025-02-05,starter,True
835,Elena Wilson,elena.wilson835@gmail.com,2024-12-09,starter,True
836,Iris Jackson,iris.jackson836@outlook.com,2023-06-09,free,True
837,Alice Jackson,alice.jackson837@gmail.com,2023-07-16,starter,True
838,Leo Lee,leo.lee838@company.io,2024-03-23,starter,False
839,Henry Smith,henry.smith839@yahoo.com,2023-09-01,free,True
840,James Davis,james.davis840@example.com,2024-05-27,free,True
841,Elena Thompson,elena.thompson841@gmail.com,2024-10-18,free,False
842,Sam Garcia,sam.garcia842@yahoo.com,2023-08-09,starter,True
843,Bob Harris,bob.harris843@example.com,2025-10-13,free,True
844,Karen Miller,karen.miller844@example.com,2023-02-25,pro,True
845,Iris Miller,iris.miller845@yahoo.com,2023-11-22,pro,False
846,Karen Anderson,karen.anderson846@outlook.com,2024-12-10,enterprise,True
847,Maya Jones,maya.jones847@example.com,2024-09-09,starter,True
848,Zoe Anderson,zoe.anderson848@company.io,2024-03-25,pro,True
849,Tina Davis,tina.davis849@example.com,2024-08-15,free,False
850,Victor Anderson,victor.anderson850@gmail.com,2025-10-30,starter,True
851,Rachel White,rachel.white851@example.com,2024-01-18,pro,True
852,Alice Lee,alice.lee852@outlook.com,2025-09-14,free,True
853,Quinn Davis,quinn.davis853@example.com,2025-07-01,starter,False
854,Carol Thompson,carol.thompson854@example.com,2025-06-04,pro,True
855,Sam Martin,sam.martin855@outlook.com,2025-04-07,pro,True
856,Xander Smith,xander.smith856@company.io,2024-08-21,free,True
857,Victor Taylor,victor.taylor857@company.io,2025-08-15,free,True
858,Frank White,frank.white858@gmail.com,2025-12-30,pro,True
859,Leo Martin,leo.martin859@company.io,2024-11-03,free,True
860,Bob Jones,bob.jones860@gmail.com,2025-09-21,free,True
861,Elena Johnson,elena.johnson861@outlook.com,2025-03-30,pro,True
862,Bob White,bob.white862@outlook.com,2024-03-02,starter,True
863,Iris Thompson,iris.thompson863@outlook.com,2025-09-10,enterprise,True
864,Frank Johnson,frank.johnson864@yahoo.com,2024-09-02,starter,True
865,Yasmine Wilson,yasmine.wilson865@gmail.com,2025-09-05,free,False
866,Peter Williams,peter.williams866@example.com,2023-01-01,free,False
867,Yasmine Miller,yasmine.miller867@company.io,2025-09-27,pro,True
868,Uma Williams,uma.williams868@company.io,2024-06-01,pro,True
869,Carol Thomas,carol.thomas869@company.io,2025-05-10,free,False
870,Alice Harris,alice.harris870@example.com,2024-03-26,free,True
871,Noah Anderson,noah.anderson871@yahoo.com,2023-02-21,starter,False
872,Victor Miller,victor.miller872@gmail.com,2023-01-11,free,True
873,Uma Martin,uma.martin873@yahoo.com,2024-01-01,free,False
874,Sam Johnson,sam.johnson874@gmail.com,2025-10-05,free,True
875,Maya Thomas,maya.thomas875@outlook.com,2024-03-07,enterprise,True
876,Alice Moore,alice.moore876@yahoo.com,2024-04-26,free,True
877,Grace Jones,grace.jones877@outlook.com,2025-02-21,pro,True
878,Iris Harris,iris.harris878@gmail.com,2023-03-20,free,True
879,Bob Jackson,bob.jackson879@company.io,2024-04-30,free,True
880,Rachel Walker,rachel.walker880@yahoo.com,2023-05-29,free,True
881,Bob Johnson,bob.johnson881@company.io,2023-11-26,pro,False
882,Victor Wilson,victor.wilson882@company.io,2025-12-27,starter,True
883,Uma Brown,uma.brown883@company.io,2023-05-05,starter,True
884,Iris White,iris.white884@company.io,2024-11-08,starter,True
885,Yasmine Anderson,yasmine.anderson885@company.io,2023-02-13,pro,True
886,Henry Thomas,henry.thomas886@company.io,2024-10-17,starter,True
887,Iris Harris,iris.harris887@example.com,2023-06-20,pro,False
888,Sam Walker,sam.walker888@example.com,2024-03-21,starter,True
889,Quinn Moore,quinn.moore889@example.com,2025-04-03,free,True
890,Bob Thompson,bob.thompson890@gmail.com,2024-08-14,free,True
891,Iris Miller,iris.miller891@gmail.com,2024-06-24,starter,True
892,Alice White,alice.white892@gmail.com,2023-01-05,free,True
893,Yasmine White,yasmine.white893@outlook.com,2024-11-22,free,True
894,Zoe Walker,zoe.walker894@company.io,2024-08-18,pro,False
895,Noah Miller,noah.miller895@example.com,2023-10-13,free,False
896,Elena Miller,elena.miller896@gmail.com,2024-01-30,pro,True
897,Frank Williams,frank.williams897@company.io,2023-12-25,enterprise,True
898,Victor Davis,victor.davis898@gmail.com,2023-04-19,pro,True
899,Iris Thompson,iris.thompson899@gmail.com,2025-11-21,starter,True
900,Carol Brown,carol.brown900@yahoo.com,2025-01-22,starter,True
901,Wendy Davis,wendy.davis901@gmail.com,2025-03-25,enterprise,True
902,Yasmine White,yasmine.white902@company.io,2023-09-17,free,False
903,David Thomas,david.thomas903@example.com,2023-08-05,free,True
904,David White,david.white904@company.io,2025-05-28,enterprise,True
905,Elena Williams,elena.williams905@outlook.com,2023-11-08,enterprise,True
906,Uma White,uma.white906@gmail.com,2023-05-29,free,True
907,Maya Thompson,maya.thompson907@company.io,2025-12-13,starter,True
908,Xander Moore,xander.moore908@gmail.com,2024-08-18,free,True
909,Tina Moore,tina.moore909@company.io,2024-11-18,free,True
910,Frank Taylor,frank.taylor910@yahoo.com,2024-10-12,free,True
911,Rachel Lee,rachel.lee911@example.com,2025-10-03,starter,True
912,Henry Lee,henry.lee912@outlook.com,2023-07-01,free,True
913,Bob Davis,bob.davis913@yahoo.com,2024-05-25,starter,True
914,Alice Brown,alice.brown914@outlook.com,2023-02-04,pro,True
915,Uma Johnson,uma.johnson915@company.io,2023-06-07,free,True
916,David Walker,david.walker916@example.com,2025-02-17,starter,True
917,Henry Jones,henry.jones917@yahoo.com,2023-04-29,starter,True
918,Peter Jones,peter.jones918@outlook.com,2025-05-07,free,False
919,Uma Walker,uma.walker919@outlook.com,2024-04-15,free,True
920,Yasmine Moore,yasmine.moore920@gmail.com,2025-03-16,free,True
921,Victor Lee,victor.lee921@gmail.com,2025-06-08,free,True
922,Quinn Williams,quinn.williams922@outlook.com,2025-04-16,free,True
923,Zoe Miller,zoe.miller923@gmail.com,2025-12-31,free,True
924,Uma Martin,uma.martin924@yahoo.com,2024-06-22,enterprise,True
925,Sam Miller,sam.miller925@company.io,2024-05-26,free,True
926,Wendy Martin,wendy.martin926@company.io,2025-06-26,starter,True
927,Henry Moore,henry.moore927@company.io,2023-10-24,free,True
928,David Jackson,david.jackson928@company.io,2025-03-04,free,True
929,Peter Moore,peter.moore929@yahoo.com,2023-02-12,starter,True
930,James Jones,james.jones930@example.com,2024-02-16,free,True
931,Xander Moore,xander.moore931@example.com,2025-09-16,free,True
932,Uma Garcia,uma.garcia932@example.com,2024-11-18,free,True
933,Rachel Lee,rachel.lee933@gmail.com,2024-10-01,free,True
934,Elena Thomas,elena.thomas934@yahoo.com,2025-06-16,free,True
935,David Garcia,david.garcia935@outlook.com,2025-12-03,free,True
936,Rachel White,rachel.white936@company.io,2025-04-04,free,False
937,Zoe Brown,zoe.brown937@example.com,2025-06-24,enterprise,True
938,Iris White,iris.white938@company.io,2024-11-29,starter,True
939,Elena Moore,elena.moore939@company.io,2025-04-01,starter,True
940,Yasmine Brown,yasmine.brown940@company.io,2023-12-31,free,True
941,Olivia Brown,olivia.brown941@yahoo.com,2025-01-30,starter,False
942,Rachel Moore,rachel.moore942@outlook.com,2024-06-17,starter,False
943,Uma Taylor,uma.taylor943@gmail.com,2023-02-17,free,True
944,Iris Taylor,iris.taylor944@example.com,2023-03-31,free,True
945,Rachel White,rachel.white945@example.com,2024-09-02,free,True
946,Henry Brown,henry.brown946@yahoo.com,2025-07-23,free,True
947,Yasmine Davis,yasmine.davis947@yahoo.com,2024-12-18,starter,True
948,Uma Jones,uma.jones948@outlook.com,2025-01-12,free,True
949,Zoe Thompson,zoe.thompson949@example.com,2023-09-01,free,False
950,Grace Anderson,grace.anderson950@yahoo.com,2024-09-25,free,True
951,Leo Moore,leo.moore951@company.io,2023-08-07,pro,False
952,Uma Lee,uma.lee952@gmail.com,2023-03-08,starter,True
953,Yasmine White,yasmine.white953@yahoo.com,2023-06-12,starter,True
954,Quinn Davis,quinn.davis954@outlook.com,2025-11-30,free,True
955,Wendy Smith,wendy.smith955@gmail.com,2023-10-03,free,False
956,Olivia Harris,olivia.harris956@gmail.com,2024-10-20,free,True
957,Karen Miller,karen.miller957@example.com,2023-01-10,pro,False
958,Olivia Moore,olivia.moore958@outlook.com,2025-09-25,starter,True
959,Alice Martin,alice.martin959@gmail.com,2024-01-29,free,True
960,Yasmine Thompson,yasmine.thompson960@example.com,2023-11-24,free,True
961,Maya Wilson,maya.wilson961@gmail.com,2025-03-07,free,True
962,Bob Jones,bob.jones962@example.com,2024-05-16,free,True
963,Elena Jackson,elena.jackson963@outlook.com,2025-07-16,enterprise,True
964,Frank Davis,frank.davis964@example.com,2025-02-27,free,False
965,Noah Johnson,noah.johnson965@gmail.com,2023-01-17,free,True
966,Victor Brown,victor.brown966@example.com,2025-11-13,free,True
967,Alice Smith,alice.smith967@outlook.com,2024-02-04,free,False
968,Maya Martin,maya.martin968@company.io,2023-11-25,pro,True
969,Uma Jones,uma.jones969@gmail.com,2024-01-26,free,False
970,Rachel Williams,rachel.williams970@company.io,2023-12-15,enterprise,True
971,Wendy Lee,wendy.lee971@company.io,2025-02-14,enterprise,True
972,David Anderson,david.anderson972@outlook.com,2023-05-22,free,True
973,Carol Lee,carol.lee973@example.com,2023-05-02,free,True
974,Victor Jones,victor.jones974@company.io,2023-10-02,starter,False
975,Wendy Walker,wendy.walker975@outlook.com,2023-11-13,starter,True
976,Karen Thompson,karen.thompson976@yahoo.com,2024-09-19,starter,True
977,Maya Miller,maya.miller977@example.com,2025-09-25,starter,True
978,Karen Anderson,karen.anderson978@example.com,2023-07-01,free,False
979,Yasmine Davis,yasmine.davis979@yahoo.com,2025-01-06,free,True
980,Leo White,leo.white980@yahoo.com,2025-11-21,starter,True
981,Uma Miller,uma.miller981@example.com,2023-07-19,pro,False
982,Tina Smith,tina.smith982@outlook.com,2024-10-19,enterprise,True
983,Leo Miller,leo.miller983@gmail.com,2023-11-03,starter,False
984,Xander Lee,xander.lee984@example.com,2023-04-27,enterprise,True
985,Tina Moore,tina.moore985@gmail.com,2025-05-27,free,True
986,Victor Garcia,victor.garcia986@gmail.com,2024-01-19,free,True
987,Quinn Walker,quinn.walker987@gmail.com,2024-07-16,free,True
988,Rachel Williams,rachel.williams988@gmail.com,2023-09-05,free,False
989,Iris Taylor,iris.taylor989@example.com,2024-09-08,starter,True
990,Sam Wilson,sam.wilson990@gmail.com,2023-04-01,starter,False
991,Frank Thompson,frank.thompson991@example.com,2025-03-25,free,True
992,Alice Harris,alice.harris992@yahoo.com,2023-02-13,pro,True
993,Victor Smith,victor.smith993@outlook.com,2025-07-24,pro,False
994,Peter Moore,peter.moore994@yahoo.com,2024-10-21,free,True
995,Victor Walker,victor.walker995@yahoo.com,2024-11-07,free,True
996,Wendy Anderson,wendy.anderson996@company.io,2025-10-21,free,True
997,Iris Jackson,iris.jackson997@example.com,2023-01-28,free,True
998,Uma Thompson,uma.thompson998@gmail.com,2023-09-19,pro,True
999,Elena Wilson,elena.wilson999@yahoo.com,2024-08-23,starter,True
1000,James Harris,james.harris1000@gmail.com,2023-01-10,free,True
